code_commune;annee;type_local;nombre_pieces_principales;prix_m2_med;nb_ventes
75101;2020;Appartement;1.0;13421.052631578948;71
75101;2020;Appartement;2.0;15308.139534883721;60
75101;2020;Appartement;3.0;14611.381578947368;32
75101;2020;Appartement;4.0;14102.562962962964;19
75101;2020;Appartement;5.0;26153.846153846156;8
75101;2020;Appartement;6.0;19004.014598540147;5
75101;2020;Appartement;7.0;16405.405405405407;1
75101;2021;Appartement;0.0;483333.3333333333;3
75101;2021;Appartement;1.0;14009.342105263158;138
75101;2021;Appartement;2.0;14296.527777777777;124
75101;2021;Appartement;3.0;13326.289592760182;76
75101;2021;Appartement;4.0;14729.72972972973;27
75101;2021;Appartement;5.0;13368.32700469064;16
75101;2021;Appartement;6.0;17703.666581762605;2
75101;2021;Appartement;7.0;22160.20725388601;1
75101;2022;Appartement;0.0;1879518.0;1
75101;2022;Appartement;1.0;13414.285714285714;148
75101;2022;Appartement;2.0;14023.076923076924;161
75101;2022;Appartement;3.0;14336.283185840708;91
75101;2022;Appartement;4.0;16156.875;43
75101;2022;Appartement;5.0;12800.0;27
75101;2022;Appartement;6.0;16374.269005847951;11
75101;2022;Appartement;7.0;20165.95380667237;2
75101;2023;Appartement;0.0;135000.0;1
75101;2023;Appartement;1.0;12600.0;125
75101;2023;Appartement;2.0;12914.420178571429;132
75101;2023;Appartement;3.0;13517.241379310344;80
75101;2023;Appartement;4.0;13602.941176470587;41
75101;2023;Appartement;5.0;15421.228866740494;16
75101;2023;Appartement;6.0;14049.666666666668;6
75101;2023;Appartement;7.0;6578.9473684210525;7
75101;2024;Appartement;0.0;118769.0;1
75101;2024;Appartement;1.0;12272.071428571428;100
75101;2024;Appartement;2.0;12833.333333333334;117
75101;2024;Appartement;3.0;13727.519509476031;60
75101;2024;Appartement;4.0;12630.911169956667;30
75101;2024;Appartement;5.0;14065.942028985508;14
75101;2024;Appartement;6.0;9824.561403508773;9
75101;2024;Appartement;7.0;4000.840490797546;1
75101;2025;Appartement;1.0;11934.731934731935;50
75101;2025;Appartement;2.0;12440.47619047619;36
75101;2025;Appartement;3.0;11500.0;27
75101;2025;Appartement;4.0;12820.51724137931;20
75101;2025;Appartement;5.0;15844.155844155845;9
75101;2025;Appartement;6.0;19637.43155882353;2
75101;2025;Appartement;7.0;17049.019607843136;1
75102;2020;Appartement;1.0;12594.732441471573;124
75102;2020;Appartement;2.0;12383.333333333334;93
75102;2020;Appartement;3.0;13001.089324618737;42
75102;2020;Appartement;4.0;12598.425196850394;17
75102;2020;Appartement;5.0;12434.177215189871;7
75102;2020;Appartement;6.0;11254.301075268815;1
75102;2021;Appartement;0.0;52500.0;1
75102;2021;Appartement;1.0;12383.142857142859;244
75102;2021;Appartement;2.0;12212.962962962964;216
75102;2021;Appartement;3.0;12902.777777777776;101
75102;2021;Appartement;4.0;11834.8623853211;37
75102;2021;Appartement;5.0;11818.94580602261;14
75102;2021;Appartement;6.0;13216.216216216217;1
75102;2021;Appartement;7.0;11290.823529411764;3
75102;2022;Appartement;1.0;12223.51724137931;219
75102;2022;Appartement;2.0;12177.67199017199;208
75102;2022;Appartement;3.0;11956.823568136933;114
75102;2022;Appartement;4.0;12792.34693877551;48
75102;2022;Appartement;5.0;11476.897195707596;12
75102;2022;Appartement;6.0;297.2972972972973;1
75102;2022;Appartement;7.0;110.94890510948905;1
75102;2023;Appartement;0.0;8250.0;1
75102;2023;Appartement;1.0;10891.701388888887;192
75102;2023;Appartement;2.0;12425.979591836734;184
75102;2023;Appartement;3.0;12459.016393442624;68
75102;2023;Appartement;4.0;13523.333333333334;37
75102;2023;Appartement;5.0;12199.764521193094;18
75102;2023;Appartement;6.0;11649.357142857143;6
75102;2023;Appartement;7.0;10944.444444444443;1
75102;2024;Appartement;0.0;128440.0;2
75102;2024;Appartement;1.0;11771.241830065359;184
75102;2024;Appartement;2.0;11442.378378378378;171
75102;2024;Appartement;3.0;11569.3006993007;70
75102;2024;Appartement;4.0;13163.265306122448;43
75102;2024;Appartement;5.0;13227.722772277228;13
75102;2024;Appartement;7.0;23636.21693121693;3
75102;2025;Appartement;1.0;11833.333333333334;87
75102;2025;Appartement;2.0;12500.0;81
75102;2025;Appartement;3.0;12343.181818181818;44
75102;2025;Appartement;4.0;12679.116877204962;8
75102;2025;Appartement;5.0;11941.747572815531;5
75103;2020;Appartement;1.0;13137.93103448276;143
75103;2020;Appartement;2.0;13175.625;143
75103;2020;Appartement;3.0;13482.315599422243;84
75103;2020;Appartement;4.0;13416.666666666668;34
75103;2020;Appartement;5.0;13117.397826086957;14
75103;2020;Appartement;6.0;18142.4;3
75103;2021;Appartement;0.0;80000.0;1
75103;2021;Appartement;1.0;12639.615384615385;249
75103;2021;Appartement;2.0;12857.142857142857;297
75103;2021;Appartement;3.0;13129.247311827956;160
75103;2021;Appartement;4.0;13157.371794871795;90
75103;2021;Appartement;5.0;12548.076923076924;25
75103;2021;Appartement;6.0;15500.0;5
75103;2021;Maison;5.0;19500.0;1
75103;2021;Maison;6.0;14756.043165467629;1
75103;2022;Appartement;0.0;21111.11111111111;3
75103;2022;Appartement;1.0;12750.0;310
75103;2022;Appartement;2.0;12702.916666666666;311
75103;2022;Appartement;3.0;12702.702702702703;190
75103;2022;Appartement;4.0;12611.111111111111;95
75103;2022;Appartement;5.0;14072.429906542056;34
75103;2022;Appartement;6.0;12937.016081000596;12
75103;2022;Appartement;8.0;16420.058139534885;1
75103;2023;Appartement;1.0;12027.027027027028;259
75103;2023;Appartement;2.0;12522.727272727272;282
75103;2023;Appartement;3.0;13000.0;165
75103;2023;Appartement;4.0;12799.5;84
75103;2023;Appartement;5.0;12463.541666666666;33
75103;2023;Appartement;6.0;16852.24358974359;6
75103;2023;Appartement;7.0;15094.444444444443;1
75103;2024;Appartement;1.0;11833.333333333334;251
75103;2024;Appartement;2.0;12449.720044792834;278
75103;2024;Appartement;3.0;12985.25974025974;125
75103;2024;Appartement;4.0;13015.873015873016;63
75103;2024;Appartement;5.0;14276.908396946565;24
75103;2024;Appartement;6.0;10309.278350515464;9
75103;2024;Appartement;7.0;16548.333333333332;1
75103;2025;Appartement;0.0;15011.25;1
75103;2025;Appartement;1.0;12029.411764705881;120
75103;2025;Appartement;2.0;11636.904761904761;104
75103;2025;Appartement;3.0;12533.857808857809;58
75103;2025;Appartement;4.0;12335.882352941177;29
75103;2025;Appartement;5.0;11916.426134872738;12
75103;2025;Appartement;6.0;13491.176470588234;4
75103;2025;Appartement;7.0;11936.898395721924;1
75104;2020;Appartement;0.0;25704.0;1
75104;2020;Appartement;1.0;14761.90476190476;113
75104;2020;Appartement;2.0;14444.444444444443;107
75104;2020;Appartement;3.0;13737.349397590362;63
75104;2020;Appartement;4.0;14216.21212121212;32
75104;2020;Appartement;5.0;12315.78947368421;9
75104;2020;Appartement;6.0;4194.623655913978;2
75104;2020;Appartement;7.0;3671.7362285714285;2
75104;2020;Appartement;8.0;98728.81355932204;1
75104;2021;Appartement;0.0;14014.615384615385;1
75104;2021;Appartement;1.0;13819.25925925926;184
75104;2021;Appartement;2.0;13339.622641509432;191
75104;2021;Appartement;3.0;13271.491228070176;112
75104;2021;Appartement;4.0;12877.397831526272;50
75104;2021;Appartement;5.0;15035.15;35
75104;2021;Appartement;6.0;15081.35876840696;16
75104;2021;Appartement;7.0;14000.0;3
75104;2021;Appartement;8.0;19219.33333333333;1
75104;2022;Appartement;1.0;14000.0;208
75104;2022;Appartement;2.0;13115.958333333332;216
75104;2022;Appartement;3.0;13591.666666666666;155
75104;2022;Appartement;4.0;14364.722222222223;82
75104;2022;Appartement;5.0;12952.380952380952;27
75104;2022;Appartement;6.0;14124.127630326742;10
75104;2022;Appartement;7.0;15868.115183246073;1
75104;2022;Maison;4.0;23741.007194244605;1
75104;2023;Appartement;0.0;11266.666666666666;1
75104;2023;Appartement;1.0;13986.988304093567;188
75104;2023;Appartement;2.0;13245.61403508772;223
75104;2023;Appartement;3.0;13730.670103092783;114
75104;2023;Appartement;4.0;13545.548654244307;42
75104;2023;Appartement;5.0;14533.333333333334;35
75104;2023;Appartement;6.0;21521.254816955683;2
75104;2023;Appartement;7.0;22705.84348132488;2
75104;2024;Appartement;0.0;6904.761904761905;2
75104;2024;Appartement;1.0;13125.0;198
75104;2024;Appartement;2.0;13100.178890876565;188
75104;2024;Appartement;3.0;13202.788956639566;114
75104;2024;Appartement;4.0;13552.966742252458;66
75104;2024;Appartement;5.0;19190.90909090909;34
75104;2024;Appartement;6.0;13058.823529411764;13
75104;2024;Appartement;7.0;7667.410714285715;4
75104;2025;Appartement;0.0;12500.0;1
75104;2025;Appartement;1.0;12403.508771929824;88
75104;2025;Appartement;2.0;12791.82894736842;88
75104;2025;Appartement;3.0;12436.20404040404;50
75104;2025;Appartement;4.0;13708.274336283186;36
75104;2025;Appartement;5.0;14275.36231884058;11
75104;2025;Appartement;6.0;15713.546768336964;8
75105;2020;Appartement;1.0;13478.260869565218;157
75105;2020;Appartement;2.0;12514.285714285714;157
75105;2020;Appartement;3.0;12667.5;93
75105;2020;Appartement;4.0;13888.888888888889;43
75105;2020;Appartement;5.0;13650.052083333334;17
75105;2020;Appartement;6.0;15359.770263293753;6
75105;2021;Appartement;0.0;13776.265714285715;3
75105;2021;Appartement;1.0;12812.5;297
75105;2021;Appartement;2.0;12720.0;351
75105;2021;Appartement;3.0;13379.629629629628;204
75105;2021;Appartement;4.0;13720.454545454544;98
75105;2021;Appartement;5.0;14825.757575757576;62
75105;2021;Appartement;6.0;12615.384615384615;9
75105;2021;Appartement;7.0;12970.06329113924;3
75105;2021;Maison;2.0;26342.85714285714;1
75105;2021;Maison;4.0;12416.666666666666;1
75105;2021;Maison;7.0;17782.4;3
75105;2022;Appartement;0.0;27857.14285714286;1
75105;2022;Appartement;1.0;13062.083333333332;378
75105;2022;Appartement;2.0;12823.529411764706;391
75105;2022;Appartement;3.0;13619.047619047618;221
75105;2022;Appartement;4.0;13302.272727272728;99
75105;2022;Appartement;5.0;14190.47619047619;51
75105;2022;Appartement;6.0;14720.812182741116;17
75105;2022;Appartement;7.0;14917.223962171456;4
75105;2022;Maison;2.0;137.61467889908258;1
75105;2022;Maison;7.0;24912.08791208791;2
75105;2023;Appartement;0.0;13008.181818181818;7
75105;2023;Appartement;1.0;13055.555555555557;342
75105;2023;Appartement;2.0;11923.650890143294;310
75105;2023;Appartement;3.0;12562.398018648018;206
75105;2023;Appartement;4.0;13277.922077922078;93
75105;2023;Appartement;5.0;14040.057627118644;48
75105;2023;Appartement;6.0;15462.285714285714;14
75105;2023;Appartement;7.0;18207.35668789809;3
75105;2023;Appartement;8.0;18478.260869565216;1
75105;2023;Maison;6.0;22837.83783783784;1
75105;2024;Appartement;0.0;22535.245901639344;4
75105;2024;Appartement;1.0;11777.777777777776;347
75105;2024;Appartement;2.0;11835.029904306222;280
75105;2024;Appartement;3.0;12360.0;183
75105;2024;Appartement;4.0;12820.967741935485;103
75105;2024;Appartement;5.0;13843.770563720114;46
75105;2024;Appartement;6.0;13048.308375350138;14
75105;2024;Appartement;7.0;13020.83515204423;6
75105;2024;Maison;6.0;16763.556561085974;1
75105;2025;Appartement;0.0;337992.4242424242;2
75105;2025;Appartement;1.0;11519.23076923077;148
75105;2025;Appartement;2.0;12666.666666666666;113
75105;2025;Appartement;3.0;11459.26243567753;62
75105;2025;Appartement;4.0;11750.263767370048;28
75105;2025;Appartement;5.0;12465.701357466063;12
75105;2025;Appartement;6.0;11538.46153846154;5
75105;2025;Appartement;8.0;9868.421052631578;1
75105;2025;Maison;4.0;17187.5;1
75105;2025;Maison;7.0;28777.777777777777;1
75106;2020;Appartement;0.0;28571.42857142857;1
75106;2020;Appartement;1.0;16111.111111111111;126
75106;2020;Appartement;2.0;16818.18181818182;117
75106;2020;Appartement;3.0;15904.175050301812;84
75106;2020;Appartement;4.0;16868.75;69
75106;2020;Appartement;5.0;15413.533834586466;39
75106;2020;Appartement;6.0;18362.678787878787;15
75106;2020;Appartement;7.0;4825.520833333333;5
75106;2020;Maison;3.0;17500.0;1
75106;2020;Maison;6.0;26011.56069364162;1
75106;2021;Appartement;1.0;16172.235576923078;254
75106;2021;Appartement;2.0;15786.282555282556;254
75106;2021;Appartement;3.0;15000.0;201
75106;2021;Appartement;4.0;15716.164095371669;138
75106;2021;Appartement;5.0;15747.635986733003;68
75106;2021;Appartement;6.0;15602.836879432623;35
75106;2021;Appartement;7.0;13588.792670682731;8
75106;2021;Appartement;8.0;15921.771322220424;2
75106;2021;Maison;6.0;29586.77685950413;1
75106;2021;Maison;8.0;44666.66666666666;1
75106;2022;Appartement;0.0;11666.666666666666;1
75106;2022;Appartement;1.0;15450.980392156862;321
75106;2022;Appartement;2.0;15150.64935064935;322
75106;2022;Appartement;3.0;16070.87912087912;218
75106;2022;Appartement;4.0;17372.70021645022;140
75106;2022;Appartement;5.0;16447.052884008583;90
75106;2022;Appartement;6.0;16124.161073825504;27
75106;2022;Appartement;7.0;17041.666666666668;13
75106;2022;Appartement;8.0;136.26050420168067;6
75106;2022;Maison;3.0;23802.95566502463;2
75106;2022;Maison;7.0;17234.848484848484;1
75106;2023;Appartement;0.0;14707.916666666668;2
75106;2023;Appartement;1.0;15000.0;277
75106;2023;Appartement;2.0;15136.447368421052;239
75106;2023;Appartement;3.0;15924.477351916375;178
75106;2023;Appartement;4.0;16315.78947368421;117
75106;2023;Appartement;5.0;17829.457364341084;69
75106;2023;Appartement;6.0;17859.112745098042;26
75106;2023;Appartement;7.0;19755.475708502025;10
75106;2023;Appartement;8.0;21709.429824561405;2
75106;2023;Maison;3.0;19539.473684210527;1
75106;2023;Maison;7.0;30512.82051282051;1
75106;2024;Appartement;0.0;4346.607142857143;2
75106;2024;Appartement;1.0;14317.857142857143;266
75106;2024;Appartement;2.0;14285.714285714286;247
75106;2024;Appartement;3.0;16225.090579710144;194
75106;2024;Appartement;4.0;16398.225352112677;108
75106;2024;Appartement;5.0;17087.91208791209;91
75106;2024;Appartement;6.0;15848.429391304348;30
75106;2024;Appartement;7.0;19253.161736029862;6
75106;2024;Appartement;8.0;15771.929824561405;1
75106;2024;Maison;6.0;42580.645161290326;1
75106;2025;Appartement;1.0;14946.42857142857;93
75106;2025;Appartement;2.0;14115.384615384615;117
75106;2025;Appartement;3.0;14957.25925925926;65
75106;2025;Appartement;4.0;16705.555555555555;39
75106;2025;Appartement;5.0;18158.01526717557;17
75106;2025;Appartement;6.0;20555.103550295862;10
75106;2025;Appartement;7.0;20000.0;1
75107;2020;Appartement;0.0;44444.444444444445;3
75107;2020;Appartement;1.0;14583.333333333334;117
75107;2020;Appartement;2.0;13875.0;104
75107;2020;Appartement;3.0;15675.0;87
75107;2020;Appartement;4.0;15573.779708663431;64
75107;2020;Appartement;5.0;16771.822704658523;36
75107;2020;Appartement;6.0;15472.240294946867;16
75107;2020;Appartement;7.0;12956.659644670051;2
75107;2021;Appartement;0.0;5333333.333333333;1
75107;2021;Appartement;1.0;14194.594594594595;238
75107;2021;Appartement;2.0;14222.1;299
75107;2021;Appartement;3.0;15053.796296296296;218
75107;2021;Appartement;4.0;15763.543103448275;159
75107;2021;Appartement;5.0;16203.887323943662;117
75107;2021;Appartement;6.0;15524.096385542169;47
75107;2021;Appartement;7.0;14230.76923076923;15
75107;2021;Appartement;8.0;17519.213675213676;2
75107;2021;Maison;2.0;16491.043785935428;2
75107;2022;Appartement;1.0;14486.363636363636;301
75107;2022;Appartement;2.0;14410.42780748663;322
75107;2022;Appartement;3.0;15325.247524752474;251
75107;2022;Appartement;4.0;16562.2863393956;168
75107;2022;Appartement;5.0;16385.017421602788;156
75107;2022;Appartement;6.0;16862.05128205128;55
75107;2022;Appartement;7.0;19504.041364554854;12
75107;2022;Maison;3.0;4051.7241379310335;1
75107;2022;Maison;4.0;54987.01298701299;2
75107;2022;Maison;5.0;38519.92834751456;2
75107;2023;Appartement;0.0;18571.42857142857;1
75107;2023;Appartement;1.0;14055.555555555557;233
75107;2023;Appartement;2.0;13722.222222222224;265
75107;2023;Appartement;3.0;15360.0;217
75107;2023;Appartement;4.0;16270.3125;147
75107;2023;Appartement;5.0;16250.0;99
75107;2023;Appartement;6.0;15057.335680751174;38
75107;2023;Appartement;7.0;18378.37837837838;15
75107;2023;Appartement;8.0;23964.2;3
75107;2024;Appartement;1.0;13594.444444444443;227
75107;2024;Appartement;2.0;13534.756928668787;280
75107;2024;Appartement;3.0;14914.0625;191
75107;2024;Appartement;4.0;16535.43307086614;159
75107;2024;Appartement;5.0;16031.694011484824;108
75107;2024;Appartement;6.0;17119.147034252295;32
75107;2024;Appartement;7.0;19364.16184971098;7
75107;2024;Maison;1.0;12905.238095238095;1
75107;2024;Maison;3.0;305960.17771926936;2
75107;2025;Appartement;1.0;15245.535714285714;108
75107;2025;Appartement;2.0;15357.142857142857;119
75107;2025;Appartement;3.0;14850.0;107
75107;2025;Appartement;4.0;16726.923076923078;71
75107;2025;Appartement;5.0;22907.857142857145;72
75107;2025;Appartement;6.0;19247.78761061947;21
75107;2025;Appartement;7.0;20931.619623655915;10
75107;2025;Appartement;8.0;26350.0;1
75107;2025;Maison;2.0;29245.283018867925;1
75107;2025;Maison;7.0;16592.9203539823;1
75108;2020;Appartement;0.0;13500.0;1
75108;2020;Appartement;1.0;14913.793103448275;112
75108;2020;Appartement;2.0;13108.108108108108;121
75108;2020;Appartement;3.0;14666.666666666666;87
75108;2020;Appartement;4.0;13280.467160037002;52
75108;2020;Appartement;5.0;12856.102084069233;34
75108;2020;Appartement;6.0;13734.177215189871;25
75108;2020;Appartement;7.0;12735.25;3
75108;2020;Maison;7.0;12500.0;1
75108;2021;Appartement;0.0;67075.0;2
75108;2021;Appartement;1.0;13684.249084249084;216
75108;2021;Appartement;2.0;12888.888888888889;207
75108;2021;Appartement;3.0;12831.666666666668;174
75108;2021;Appartement;4.0;13059.770114942528;129
75108;2021;Appartement;5.0;13356.25;78
75108;2021;Appartement;6.0;12311.436170212766;43
75108;2021;Appartement;7.0;11773.026315789471;5
75108;2021;Maison;6.0;16666.666666666668;1
75108;2022;Appartement;0.0;3642857.142857143;1
75108;2022;Appartement;1.0;14508.333333333332;270
75108;2022;Appartement;2.0;13351.41065830721;206
75108;2022;Appartement;3.0;13157.894736842103;177
75108;2022;Appartement;4.0;13126.931818181818;141
75108;2022;Appartement;5.0;13529.016853932584;104
75108;2022;Appartement;6.0;13044.846153846154;49
75108;2022;Appartement;7.0;13517.64705882353;9
75108;2022;Appartement;8.0;319444.44444444444;1
75108;2023;Appartement;0.0;10000.0;1
75108;2023;Appartement;1.0;13617.391304347826;189
75108;2023;Appartement;2.0;13272.727272727272;157
75108;2023;Appartement;3.0;12891.666666666666;120
75108;2023;Appartement;4.0;13181.818181818182;105
75108;2023;Appartement;5.0;13655.172413793103;61
75108;2023;Appartement;6.0;13430.225988700566;31
75108;2023;Appartement;7.0;11478.100233100235;12
75108;2023;Appartement;8.0;131463.93528574638;2
75108;2023;Maison;4.0;20315.83333333333;1
75108;2024;Appartement;1.0;12834.90579710145;206
75108;2024;Appartement;2.0;12937.5;227
75108;2024;Appartement;3.0;12500.0;169
75108;2024;Appartement;4.0;13446.601941747573;115
75108;2024;Appartement;5.0;13529.411764705885;73
75108;2024;Appartement;6.0;12337.570621468927;37
75108;2024;Appartement;7.0;11188.811188811187;3
75108;2025;Appartement;1.0;14000.0;91
75108;2025;Appartement;2.0;13098.0783045977;92
75108;2025;Appartement;3.0;12562.5;57
75108;2025;Appartement;4.0;13342.968221771469;40
75108;2025;Appartement;5.0;13545.454545454546;43
75108;2025;Appartement;6.0;11249.645390070922;17
75108;2025;Appartement;7.0;13488.194444444443;9
75108;2025;Maison;5.0;16935.483870967742;1
75109;2020;Appartement;1.0;12819.736842105263;201
75109;2020;Appartement;2.0;12825.877192982456;188
75109;2020;Appartement;3.0;12884.615384615385;163
75109;2020;Appartement;4.0;12385.321100917432;95
75109;2020;Appartement;5.0;12606.245173745174;40
75109;2020;Appartement;6.0;15763.070700636943;10
75109;2020;Appartement;7.0;12523.582089552237;4
75109;2020;Appartement;8.0;2217.391304347826;1
75109;2021;Appartement;0.0;406250.0;12
75109;2021;Appartement;1.0;11545.454545454546;429
75109;2021;Appartement;2.0;12006.138888888887;442
75109;2021;Appartement;3.0;12209.302325581397;348
75109;2021;Appartement;4.0;11911.764705882351;193
75109;2021;Appartement;5.0;12231.521739130434;121
75109;2021;Appartement;6.0;12649.032767469405;36
75109;2021;Appartement;7.0;4870.12987012987;7
75109;2021;Appartement;8.0;13824.787878787878;1
75109;2021;Maison;2.0;155147.0588235294;1
75109;2021;Maison;4.0;23126.666666666668;2
75109;2022;Appartement;0.0;17142.85714285714;4
75109;2022;Appartement;1.0;11642.247272727273;448
75109;2022;Appartement;2.0;11869.09090909091;453
75109;2022;Appartement;3.0;11926.075268817203;360
75109;2022;Appartement;4.0;12631.578947368422;207
75109;2022;Appartement;5.0;12133.333333333334;127
75109;2022;Appartement;6.0;12211.530612244898;38
75109;2022;Appartement;7.0;11365.868263473054;7
75109;2022;Appartement;8.0;8900.0;1
75109;2022;Maison;4.0;17117.272727272728;3
75109;2023;Appartement;0.0;45733.333333333336;1
75109;2023;Appartement;1.0;11000.0;343
75109;2023;Appartement;2.0;11324.561403508771;310
75109;2023;Appartement;3.0;11381.766666666666;285
75109;2023;Appartement;4.0;12067.727272727272;144
75109;2023;Appartement;5.0;12387.755102040815;83
75109;2023;Appartement;6.0;11345.02923976608;17
75109;2023;Appartement;7.0;11006.613756613757;4
75109;2023;Appartement;8.0;11719.542857142857;1
75109;2024;Appartement;0.0;31350.0;2
75109;2024;Appartement;1.0;10687.062937062936;368
75109;2024;Appartement;2.0;10661.111111111111;331
75109;2024;Appartement;3.0;11037.735849056604;259
75109;2024;Appartement;4.0;11155.578381795196;138
75109;2024;Appartement;5.0;10650.714285714286;69
75109;2024;Appartement;6.0;10551.911157024795;32
75109;2024;Appartement;7.0;11540.123456790123;2
75109;2024;Maison;2.0;15529.411764705885;1
75109;2025;Appartement;0.0;4990.740740740741;2
75109;2025;Appartement;1.0;11000.0;169
75109;2025;Appartement;2.0;11541.666666666666;172
75109;2025;Appartement;3.0;11040.0;121
75109;2025;Appartement;4.0;12364.70588235294;65
75109;2025;Appartement;5.0;12200.0;40
75109;2025;Appartement;6.0;12800.343053173241;14
75109;2025;Appartement;7.0;582286.9565217391;1
75110;2020;Appartement;0.0;50901.51515151515;2
75110;2020;Appartement;1.0;11538.46153846154;307
75110;2020;Appartement;2.0;11450.320512820512;320
75110;2020;Appartement;3.0;11257.894736842103;227
75110;2020;Appartement;4.0;10831.25;96
75110;2020;Appartement;5.0;10284.089285714286;32
75110;2020;Appartement;6.0;9366.013071895424;7
75110;2020;Appartement;7.0;8400.0;3
75110;2021;Appartement;0.0;14583.333333333334;9
75110;2021;Appartement;1.0;11011.904761904763;602
75110;2021;Appartement;2.0;10636.818181818182;749
75110;2021;Appartement;3.0;10625.0;517
75110;2021;Appartement;4.0;10523.209718670078;218
75110;2021;Appartement;5.0;10442.330570291777;74
75110;2021;Appartement;6.0;9267.51592356688;13
75110;2021;Appartement;7.0;9193.548387096776;1
75110;2022;Appartement;0.0;39871.875;6
75110;2022;Appartement;1.0;11005.833333333334;661
75110;2022;Appartement;2.0;10697.67441860465;774
75110;2022;Appartement;3.0;10687.254901960785;472
75110;2022;Appartement;4.0;10427.87356321839;228
75110;2022;Appartement;5.0;10530.430622009568;66
75110;2022;Appartement;6.0;10815.625;21
75110;2022;Appartement;7.0;13366.875;3
75110;2023;Appartement;0.0;7222.222222222223;1
75110;2023;Appartement;1.0;10043.478260869566;547
75110;2023;Appartement;2.0;10000.0;681
75110;2023;Appartement;3.0;10170.0;398
75110;2023;Appartement;4.0;9619.565217391304;179
75110;2023;Appartement;5.0;9572.649572649572;69
75110;2023;Appartement;6.0;8724.897205172518;6
75110;2023;Appartement;7.0;6863.636363636364;4
75110;2023;Appartement;8.0;8947.368421052632;1
75110;2024;Appartement;0.0;9848.888888888889;7
75110;2024;Appartement;1.0;9355.172413793103;487
75110;2024;Appartement;2.0;9179.232594936708;544
75110;2024;Appartement;3.0;9396.551724137931;275
75110;2024;Appartement;4.0;9410.714285714286;121
75110;2024;Appartement;5.0;9052.631578947368;57
75110;2024;Appartement;6.0;9122.395833333334;11
75110;2024;Appartement;7.0;3962.121897710133;2
75110;2025;Appartement;1.0;9296.153846153846;225
75110;2025;Appartement;2.0;9592.307692307691;239
75110;2025;Appartement;3.0;9393.382352941175;128
75110;2025;Appartement;4.0;9918.032786885247;60
75110;2025;Appartement;5.0;9077.777777777776;21
75110;2025;Appartement;6.0;10072.992700729928;5
75111;2020;Appartement;0.0;23003.26797385621;2
75111;2020;Appartement;1.0;11428.57142857143;434
75111;2020;Appartement;2.0;11250.0;523
75111;2020;Appartement;3.0;11095.238095238095;317
75111;2020;Appartement;4.0;11641.481481481482;114
75111;2020;Appartement;5.0;11138.61386138614;25
75111;2020;Appartement;6.0;12665.861436309628;4
75111;2020;Maison;2.0;1440000.0;1
75111;2020;Maison;4.0;14937.5;1
75111;2020;Maison;5.0;13192.792792792792;1
75111;2020;Maison;7.0;12187.05035971223;1
75111;2021;Appartement;0.0;10000.0;3
75111;2021;Appartement;1.0;11250.0;927
75111;2021;Appartement;2.0;11279.06976744186;1263
75111;2021;Appartement;3.0;11178.399228543876;686
75111;2021;Appartement;4.0;11362.222222222223;224
75111;2021;Appartement;5.0;10980.76923076923;64
75111;2021;Appartement;6.0;10039.65392934391;10
75111;2021;Maison;6.0;30000.0;1
75111;2022;Appartement;0.0;11259.25925925926;10
75111;2022;Appartement;1.0;11100.0;986
75111;2022;Appartement;2.0;11200.0;1312
75111;2022;Appartement;3.0;11056.338028169012;723
75111;2022;Appartement;4.0;11400.0;263
75111;2022;Appartement;5.0;10752.334217506632;72
75111;2022;Appartement;6.0;10385.89588377724;14
75111;2022;Appartement;8.0;483181.21693121694;2
75111;2022;Maison;3.0;16806.245614035088;1
75111;2022;Maison;4.0;21839.080459770117;1
75111;2023;Appartement;0.0;11598.809523809523;12
75111;2023;Appartement;1.0;10166.666666666666;785
75111;2023;Appartement;2.0;10500.0;1018
75111;2023;Appartement;3.0;10634.920634920634;571
75111;2023;Appartement;4.0;10132.530120481928;168
75111;2023;Appartement;5.0;10585.45566712049;74
75111;2023;Appartement;6.0;10569.105691056911;15
75111;2023;Maison;6.0;46000.0;1
75111;2023;Maison;7.0;13776.978417266188;1
75111;2024;Appartement;0.0;11450.0;9
75111;2024;Appartement;1.0;10087.121212121212;818
75111;2024;Appartement;2.0;10028.445512820512;1076
75111;2024;Appartement;3.0;10183.235294117649;537
75111;2024;Appartement;4.0;10783.377425044091;230
75111;2024;Appartement;5.0;10476.923076923076;67
75111;2024;Appartement;6.0;9468.299077181207;10
75111;2024;Appartement;7.0;6095.192130906416;4
75111;2024;Maison;3.0;20000.0;1
75111;2025;Appartement;0.0;23375.0;1
75111;2025;Appartement;1.0;9701.851851851852;256
75111;2025;Appartement;2.0;9918.361702127659;338
75111;2025;Appartement;3.0;10101.27357891394;160
75111;2025;Appartement;4.0;10216.63577386469;56
75111;2025;Appartement;5.0;9777.777777777776;31
75111;2025;Appartement;6.0;10185.754985754986;4
75111;2025;Appartement;7.0;5197.2789115646265;2
75112;2020;Appartement;0.0;19850.0;2
75112;2020;Appartement;1.0;10589.285714285714;213
75112;2020;Appartement;2.0;10652.573443008225;374
75112;2020;Appartement;3.0;10432.867494824017;208
75112;2020;Appartement;4.0;10099.2951907131;76
75112;2020;Appartement;5.0;10960.7476635514;25
75112;2020;Appartement;6.0;9775.0;1
75112;2020;Maison;2.0;9323.8;1
75112;2020;Maison;3.0;18338.95833333333;1
75112;2020;Maison;4.0;16158.536585365851;3
75112;2020;Maison;5.0;16757.74193548387;1
75112;2020;Maison;6.0;13625.0;1
75112;2020;Maison;8.0;12000.0;1
75112;2021;Appartement;0.0;16666.666666666668;5
75112;2021;Appartement;1.0;10675.569715142428;476
75112;2021;Appartement;2.0;10375.0;747
75112;2021;Appartement;3.0;10416.666666666666;463
75112;2021;Appartement;4.0;10485.871271585554;194
75112;2021;Appartement;5.0;10472.44094488189;71
75112;2021;Appartement;6.0;11242.90780141844;10
75112;2021;Appartement;7.0;11305.555555555557;3
75112;2021;Appartement;8.0;8818.791946308726;1
75112;2021;Maison;3.0;12250.0;3
75112;2021;Maison;4.0;11764.506993006993;2
75112;2021;Maison;5.0;13000.0;3
75112;2021;Maison;6.0;10300.925925925923;3
75112;2021;Maison;8.0;13354.166666666666;1
75112;2022;Appartement;0.0;14291.666666666666;3
75112;2022;Appartement;1.0;10327.380952380952;538
75112;2022;Appartement;2.0;10138.071895424837;750
75112;2022;Appartement;3.0;10142.231209976406;544
75112;2022;Appartement;4.0;10202.702702702703;243
75112;2022;Appartement;5.0;10187.5;65
75112;2022;Appartement;6.0;10348.125;15
75112;2022;Appartement;7.0;7076.779788838612;2
75112;2022;Maison;3.0;7496.449704142012;2
75112;2022;Maison;4.0;9297.744360902256;1
75112;2022;Maison;5.0;18750.0;1
75112;2022;Maison;6.0;10579.710144927536;3
75112;2022;Maison;7.0;13596.694915254237;1
75112;2022;Maison;8.0;15238.09523809524;1
75112;2023;Appartement;0.0;7303.030303030302;6
75112;2023;Appartement;1.0;9531.25;483
75112;2023;Appartement;2.0;9600.0;685
75112;2023;Appartement;3.0;9589.55223880597;431
75112;2023;Appartement;4.0;9921.875;183
75112;2023;Appartement;5.0;9847.944793301936;44
75112;2023;Appartement;6.0;10299.815950920243;11
75112;2023;Appartement;7.0;4697.802197802198;2
75112;2023;Maison;2.0;249066.66666666663;1
75112;2023;Maison;3.0;11481.481481481482;1
75112;2023;Maison;6.0;15415.561224489795;2
75112;2023;Maison;7.0;11722.222222222224;1
75112;2024;Appartement;0.0;10511.0;2
75112;2024;Appartement;1.0;9090.90909090909;413
75112;2024;Appartement;2.0;9000.0;631
75112;2024;Appartement;3.0;8840.90909090909;363
75112;2024;Appartement;4.0;8962.629569012548;176
75112;2024;Appartement;5.0;9468.75;61
75112;2024;Appartement;6.0;6653.579710144928;7
75112;2024;Appartement;7.0;9164.583333333334;1
75112;2024;Maison;2.0;10833.333333333334;1
75112;2024;Maison;3.0;13398.809523809523;2
75112;2024;Maison;4.0;18624.17910447761;1
75112;2025;Appartement;0.0;7977.133333333333;4
75112;2025;Appartement;1.0;9013.888888888887;148
75112;2025;Appartement;2.0;8888.888888888889;253
75112;2025;Appartement;3.0;9085.106382978724;143
75112;2025;Appartement;4.0;8590.90909090909;69
75112;2025;Appartement;5.0;8870.01661129568;24
75112;2025;Appartement;6.0;8125.0;1
75112;2025;Maison;4.0;13819.444444444443;1
75112;2025;Maison;5.0;20862.068965517243;1
75113;2020;Appartement;0.0;9250.0;3
75113;2020;Appartement;1.0;10517.241379310344;189
75113;2020;Appartement;2.0;9986.666666666666;273
75113;2020;Appartement;3.0;9971.153846153846;157
75113;2020;Appartement;4.0;9295.205479452055;57
75113;2020;Appartement;5.0;9681.310642813827;16
75113;2020;Appartement;6.0;8812.5;5
75113;2020;Appartement;7.0;5151.515151515152;3
75113;2020;Maison;3.0;10273.972602739726;3
75113;2020;Maison;4.0;11789.066091954024;2
75113;2020;Maison;5.0;12545.454545454546;3
75113;2020;Maison;6.0;15910.326086956522;2
75113;2020;Maison;7.0;7088.888888888889;1
75113;2020;Maison;8.0;12866.666666666666;1
75113;2021;Appartement;0.0;9571.42857142857;3
75113;2021;Appartement;1.0;10692.307692307691;548
75113;2021;Appartement;2.0;9843.75;659
75113;2021;Appartement;3.0;9499.27536231884;480
75113;2021;Appartement;4.0;9670.454545454546;147
75113;2021;Appartement;5.0;10115.27972027972;43
75113;2021;Appartement;6.0;7784.615384615385;17
75113;2021;Appartement;7.0;9574.468085106382;1
75113;2021;Maison;2.0;15000.0;1
75113;2021;Maison;3.0;23520.734126984127;4
75113;2021;Maison;4.0;17695.03546099291;5
75113;2021;Maison;5.0;12939.068100358425;6
75113;2021;Maison;6.0;17503.2;4
75113;2022;Appartement;0.0;12277.058823529413;5
75113;2022;Appartement;1.0;10232.558139534884;511
75113;2022;Appartement;2.0;9800.0;708
75113;2022;Appartement;3.0;9755.31914893617;427
75113;2022;Appartement;4.0;9596.354166666668;158
75113;2022;Appartement;5.0;9769.49152542373;47
75113;2022;Appartement;6.0;10128.625690607736;8
75113;2022;Maison;1.0;29375.0;1
75113;2022;Maison;3.0;16505.087209302324;6
75113;2022;Maison;4.0;16000.0;3
75113;2022;Maison;5.0;11730.76923076923;5
75113;2022;Maison;6.0;14400.0;1
75113;2023;Appartement;0.0;11736.842105263158;3
75113;2023;Appartement;1.0;9294.117647058823;499
75113;2023;Appartement;2.0;9217.218137254902;544
75113;2023;Appartement;3.0;9119.047619047618;384
75113;2023;Appartement;4.0;8863.636363636364;115
75113;2023;Appartement;5.0;8995.191840926065;40
75113;2023;Appartement;6.0;4388.888888888889;7
75113;2023;Appartement;7.0;8787.878787878788;1
75113;2023;Maison;2.0;20270.833333333332;2
75113;2023;Maison;3.0;22857.14285714286;1
75113;2023;Maison;4.0;19365.277777777777;5
75113;2023;Maison;5.0;16848.23717948718;4
75113;2023;Maison;6.0;10924.342105263158;5
75113;2024;Appartement;0.0;1280000.0;1
75113;2024;Appartement;1.0;9245.689655172413;482
75113;2024;Appartement;2.0;8882.35294117647;539
75113;2024;Appartement;3.0;8660.179903466433;362
75113;2024;Appartement;4.0;8176.845312283617;138
75113;2024;Appartement;5.0;8665.09022556391;36
75113;2024;Appartement;6.0;8840.909090909092;8
75113;2024;Appartement;7.0;6358.381502890174;3
75113;2024;Maison;2.0;25007.33137829912;2
75113;2024;Maison;3.0;10485.763888888887;4
75113;2024;Maison;4.0;10978.578383641676;4
75113;2024;Maison;5.0;10558.558558558558;7
75113;2024;Maison;6.0;19325.842696629214;1
75113;2025;Appartement;1.0;9384.615384615385;148
75113;2025;Appartement;2.0;8619.84126984127;228
75113;2025;Appartement;3.0;8590.592334494773;134
75113;2025;Appartement;4.0;7880.434782608696;51
75113;2025;Appartement;5.0;8986.336744483531;6
75113;2025;Appartement;6.0;10394.983889528194;2
75113;2025;Maison;2.0;11538.46153846154;1
75113;2025;Maison;3.0;22500.0;1
75113;2025;Maison;4.0;14504.222222222224;3
75113;2025;Maison;5.0;13677.130898021309;4
75114;2020;Appartement;0.0;17228.3;1
75114;2020;Appartement;1.0;11842.105263157897;211
75114;2020;Appartement;2.0;11029.857397504456;346
75114;2020;Appartement;3.0;10972.622222222222;205
75114;2020;Appartement;4.0;11127.344877344876;70
75114;2020;Appartement;5.0;11028.678134556576;24
75114;2020;Appartement;6.0;13279.882677708765;6
75114;2020;Maison;2.0;9637.68115942029;1
75114;2020;Maison;4.0;8750.0;2
75114;2020;Maison;5.0;9745.354994124558;2
75114;2020;Maison;6.0;12992.48120300752;1
75114;2020;Maison;7.0;17025.185185185186;2
75114;2021;Appartement;0.0;15625.0;3
75114;2021;Appartement;1.0;11304.347826086956;529
75114;2021;Appartement;2.0;10625.0;662
75114;2021;Appartement;3.0;10666.875;467
75114;2021;Appartement;4.0;11504.434782608696;211
75114;2021;Appartement;5.0;11331.03448275862;61
75114;2021;Appartement;6.0;11569.696969696968;12
75114;2021;Appartement;7.0;11592.35668789809;3
75114;2021;Appartement;8.0;12948.344370860928;3
75114;2021;Maison;1.0;24008.07692307692;1
75114;2021;Maison;2.0;13515.78947368421;1
75114;2021;Maison;3.0;32417.57692307692;3
75114;2021;Maison;4.0;14667.67554479419;6
75114;2021;Maison;5.0;18750.0;3
75114;2021;Maison;6.0;5859.884917216959;6
75114;2021;Maison;7.0;18939.39393939394;3
75114;2021;Maison;8.0;12488.626524990163;2
75114;2022;Appartement;0.0;11750.0;5
75114;2022;Appartement;1.0;10833.333333333334;498
75114;2022;Appartement;2.0;10641.02564102564;723
75114;2022;Appartement;3.0;10475.274725274725;488
75114;2022;Appartement;4.0;10927.248677248677;188
75114;2022;Appartement;5.0;10801.111111111111;59
75114;2022;Appartement;6.0;10552.941176470587;9
75114;2022;Appartement;7.0;11786.857142857143;3
75114;2022;Maison;1.0;18620.689655172413;1
75114;2022;Maison;2.0;23678.365384615383;4
75114;2022;Maison;3.0;14734.956051386072;4
75114;2022;Maison;4.0;15198.1981981982;3
75114;2022;Maison;5.0;14040.418635170605;4
75114;2022;Maison;6.0;17231.638418079096;3
75114;2022;Maison;7.0;12819.871489361702;1
75114;2022;Maison;8.0;15766.753472222223;2
75114;2023;Appartement;0.0;100.0;1
75114;2023;Appartement;1.0;10393.333333333334;531
75114;2023;Appartement;2.0;9726.77922077922;712
75114;2023;Appartement;3.0;10182.978723404256;409
75114;2023;Appartement;4.0;10115.276663993583;156
75114;2023;Appartement;5.0;10720.338983050848;47
75114;2023;Appartement;6.0;11013.690476190475;7
75114;2023;Appartement;7.0;11391.464968152866;3
75114;2023;Maison;2.0;19316.315136476427;2
75114;2023;Maison;3.0;20483.870967741936;3
75114;2023;Maison;4.0;11531.361111111111;5
75114;2023;Maison;5.0;16694.462719298244;2
75114;2023;Maison;6.0;14909.090909090908;4
75114;2023;Maison;7.0;11701.340326340327;4
75114;2024;Appartement;0.0;96052.63157894736;5
75114;2024;Appartement;1.0;9666.666666666666;447
75114;2024;Appartement;2.0;9353.448275862069;608
75114;2024;Appartement;3.0;9437.5;345
75114;2024;Appartement;4.0;9305.555555555557;127
75114;2024;Appartement;5.0;10636.779411764706;41
75114;2024;Appartement;6.0;10392.190476190475;15
75114;2024;Appartement;7.0;4173.783673469387;3
75114;2024;Maison;1.0;8444.444444444445;1
75114;2024;Maison;2.0;22378.453409090907;3
75114;2024;Maison;3.0;10324.262351821406;2
75114;2024;Maison;4.0;9857.142857142857;5
75114;2024;Maison;5.0;12410.25641025641;3
75114;2024;Maison;6.0;12127.272727272728;3
75114;2024;Maison;7.0;77222.29471544715;2
75114;2025;Appartement;0.0;5000.0;1
75114;2025;Appartement;1.0;10142.857142857143;202
75114;2025;Appartement;2.0;9357.699443413729;262
75114;2025;Appartement;3.0;9318.45054945055;162
75114;2025;Appartement;4.0;9088.888888888889;47
75114;2025;Appartement;5.0;10510.204081632652;23
75114;2025;Appartement;6.0;9127.2;3
75114;2025;Appartement;7.0;9859.81308411215;1
75114;2025;Appartement;8.0;6273.684210526316;1
75114;2025;Maison;3.0;50000.0;1
75114;2025;Maison;4.0;21805.555555555555;2
75114;2025;Maison;5.0;9580.47619047619;1
75114;2025;Maison;6.0;10883.658536585366;1
75114;2025;Maison;7.0;9600.0;1
75115;2020;Appartement;1.0;11295.25;443
75115;2020;Appartement;2.0;10762.5;561
75115;2020;Appartement;3.0;10666.666666666666;412
75115;2020;Appartement;4.0;11228.831612258495;214
75115;2020;Appartement;5.0;10003.7;70
75115;2020;Appartement;6.0;10762.71186440678;11
75115;2020;Appartement;7.0;22176.470588235294;1
75115;2020;Maison;3.0;14666.666666666666;1
75115;2020;Maison;6.0;13703.704444444444;3
75115;2020;Maison;8.0;9871.975806451614;1
75115;2021;Appartement;0.0;10850.0;5
75115;2021;Appartement;1.0;11212.121212121212;1087
75115;2021;Appartement;2.0;10708.01282051282;1330
75115;2021;Appartement;3.0;10795.454545454546;959
75115;2021;Appartement;4.0;11000.0;483
75115;2021;Appartement;5.0;11421.333194328607;158
75115;2021;Appartement;6.0;11000.0;27
75115;2021;Appartement;7.0;7504.825060446594;8
75115;2021;Appartement;8.0;5544.585987261146;2
75115;2021;Maison;2.0;49000.0;1
75115;2021;Maison;3.0;7859.038461538462;2
75115;2021;Maison;5.0;16271.42857142857;3
75115;2021;Maison;6.0;14298.808135768884;2
75115;2022;Appartement;0.0;16350.0;4
75115;2022;Appartement;1.0;10987.826086956522;1025
75115;2022;Appartement;2.0;10555.555555555557;1471
75115;2022;Appartement;3.0;10825.125570776254;1014
75115;2022;Appartement;4.0;10753.543956043955;458
75115;2022;Appartement;5.0;11153.048085197934;160
75115;2022;Appartement;6.0;10686.27450980392;25
75115;2022;Appartement;7.0;8586.95652173913;9
75115;2022;Appartement;8.0;7395.833333333333;1
75115;2022;Maison;3.0;8922.674837779381;2
75115;2022;Maison;4.0;14235.29411764706;2
75115;2022;Maison;5.0;12816.962897342366;6
75115;2022;Maison;6.0;11184.21052631579;4
75115;2022;Maison;7.0;16692.4;1
75115;2023;Appartement;0.0;12500.0;7
75115;2023;Appartement;1.0;10203.333333333332;884
75115;2023;Appartement;2.0;10000.0;1056
75115;2023;Appartement;3.0;10000.0;789
75115;2023;Appartement;4.0;10000.0;344
75115;2023;Appartement;5.0;10639.53488372093;123
75115;2023;Appartement;6.0;10416.666666666666;25
75115;2023;Appartement;7.0;11078.824216923796;6
75115;2023;Appartement;8.0;9810.020054433462;2
75115;2023;Maison;1.0;9866.666666666666;1
75115;2023;Maison;2.0;20128.20512820513;1
75115;2023;Maison;3.0;18030.416666666664;4
75115;2023;Maison;4.0;15384.615384615385;3
75115;2023;Maison;5.0;11130.76923076923;7
75115;2023;Maison;6.0;13216.65873015873;2
75115;2024;Appartement;0.0;11131.777777777776;3
75115;2024;Appartement;1.0;9750.0;848
75115;2024;Appartement;2.0;9689.903846153846;1042
75115;2024;Appartement;3.0;9669.275;775
75115;2024;Appartement;4.0;9864.864864864863;401
75115;2024;Appartement;5.0;9689.32387057387;120
75115;2024;Appartement;6.0;10669.172932330826;19
75115;2024;Appartement;7.0;7272.727272727273;3
75115;2024;Appartement;8.0;7835.820895522388;3
75115;2024;Maison;1.0;10588.235294117649;1
75115;2024;Maison;2.0;9255.813953488372;1
75115;2024;Maison;3.0;11428.571428571428;2
75115;2024;Maison;4.0;11319.793913251857;2
75115;2024;Maison;5.0;11098.496223392081;2
75115;2024;Maison;6.0;13579.756756756757;3
75115;2025;Appartement;0.0;11485.714285714286;2
75115;2025;Appartement;1.0;10000.0;321
75115;2025;Appartement;2.0;9420.16806722689;392
75115;2025;Appartement;3.0;9447.222222222224;257
75115;2025;Appartement;4.0;9699.381078691424;110
75115;2025;Appartement;5.0;9635.023131812122;48
75115;2025;Appartement;6.0;10849.492045373478;12
75115;2025;Appartement;7.0;11053.57142857143;3
75115;2025;Maison;2.0;150555.55555555556;1
75115;2025;Maison;6.0;8608.490566037735;1
75116;2020;Appartement;1.0;12138.888888888889;329
75116;2020;Appartement;2.0;11742.528735632184;327
75116;2020;Appartement;3.0;12012.660818713448;280
75116;2020;Appartement;4.0;12179.48717948718;235
75116;2020;Appartement;5.0;12028.0;125
75116;2020;Appartement;6.0;12652.113976995468;46
75116;2020;Appartement;7.0;11796.43962848297;10
75116;2020;Maison;2.0;13857.142857142857;1
75116;2020;Maison;3.0;18737.745098039217;2
75116;2020;Maison;4.0;8100.0;1
75116;2020;Maison;5.0;14728.339805825242;3
75116;2020;Maison;6.0;14767.021604938273;2
75116;2020;Maison;7.0;17574.468085106382;1
75116;2020;Maison;8.0;30804.36192564173;4
75116;2021;Appartement;0.0;13745.479166666668;2
75116;2021;Appartement;1.0;11845.833333333334;663
75116;2021;Appartement;2.0;11635.292047853625;730
75116;2021;Appartement;3.0;11484.714285714286;683
75116;2021;Appartement;4.0;11993.333333333334;531
75116;2021;Appartement;5.0;12090.90909090909;305
75116;2021;Appartement;6.0;12311.557788944723;121
75116;2021;Appartement;7.0;12406.015037593985;25
75116;2021;Appartement;8.0;11500.0;5
75116;2021;Maison;1.0;28369.68831168831;1
75116;2021;Maison;2.0;14696.969696969696;2
75116;2021;Maison;3.0;16333.333333333334;1
75116;2021;Maison;4.0;29522.22222222222;2
75116;2021;Maison;5.0;17191.333333333332;9
75116;2021;Maison;6.0;22989.0;8
75116;2021;Maison;7.0;17597.083333333332;7
75116;2021;Maison;8.0;15837.10407239819;7
75116;2022;Appartement;0.0;13478.260869565218;5
75116;2022;Appartement;1.0;11858.552631578948;752
75116;2022;Appartement;2.0;11736.73469387755;748
75116;2022;Appartement;3.0;11764.70588235294;695
75116;2022;Appartement;4.0;12149.532710280371;555
75116;2022;Appartement;5.0;12303.030303030304;335
75116;2022;Appartement;6.0;12547.051157607133;114
75116;2022;Appartement;7.0;12656.25;27
75116;2022;Appartement;8.0;12556.704587155964;1
75116;2022;Maison;2.0;18075.35;2
75116;2022;Maison;3.0;18327.20588235294;2
75116;2022;Maison;4.0;17498.333333333332;2
75116;2022;Maison;5.0;13761.214285714286;7
75116;2022;Maison;6.0;13725.490196078432;3
75116;2022;Maison;7.0;16077.922077922078;8
75116;2022;Maison;8.0;21892.994901960785;4
75116;2023;Appartement;1.0;11407.407407407409;615
75116;2023;Appartement;2.0;11111.111111111111;624
75116;2023;Appartement;3.0;11539.862542955327;574
75116;2023;Appartement;4.0;11666.666666666666;421
75116;2023;Appartement;5.0;12222.222222222224;251
75116;2023;Appartement;6.0;12622.377622377622;76
75116;2023;Appartement;7.0;12374.584082733814;20
75116;2023;Maison;2.0;11657.142857142857;1
75116;2023;Maison;3.0;17223.529411764706;3
75116;2023;Maison;4.0;35000.0;1
75116;2023;Maison;5.0;11482.285714285714;3
75116;2023;Maison;6.0;32584.18333333333;3
75116;2023;Maison;7.0;17088.607594936708;3
75116;2023;Maison;8.0;23504.0;3
75116;2024;Appartement;0.0;5293846.153846154;1
75116;2024;Appartement;1.0;10703.917050691245;600
75116;2024;Appartement;2.0;10511.538461538461;558
75116;2024;Appartement;3.0;10894.049707602338;516
75116;2024;Appartement;4.0;11258.77192982456;381
75116;2024;Appartement;5.0;11240.978260869566;199
75116;2024;Appartement;6.0;11589.327485380116;104
75116;2024;Appartement;7.0;12217.653926196639;18
75116;2024;Appartement;8.0;10489.130434782608;5
75116;2024;Maison;3.0;15151.56794425087;2
75116;2024;Maison;4.0;13461.53846153846;1
75116;2024;Maison;5.0;17416.0;3
75116;2024;Maison;6.0;16642.30769230769;5
75116;2024;Maison;7.0;15500.0;1
75116;2024;Maison;8.0;23345.73808258019;4
75116;2025;Appartement;0.0;4058.3333333333335;2
75116;2025;Appartement;1.0;10807.692307692309;223
75116;2025;Appartement;2.0;10591.935483870968;225
75116;2025;Appartement;3.0;10831.16883116883;227
75116;2025;Appartement;4.0;11396.491228070176;151
75116;2025;Appartement;5.0;11618.951612903225;84
75116;2025;Appartement;6.0;12259.292462570986;36
75116;2025;Appartement;7.0;12771.739130434782;3
75116;2025;Appartement;8.0;14740.026663931903;2
75116;2025;Maison;2.0;20400.0;1
75116;2025;Maison;5.0;25187.71929824561;1
75116;2025;Maison;6.0;11528.169014084508;1
75116;2025;Maison;7.0;14135.151515151516;3
75116;2025;Maison;8.0;11862.815884476537;1
75117;2020;Appartement;0.0;6760.0;3
75117;2020;Appartement;1.0;11375.0;337
75117;2020;Appartement;2.0;11309.52380952381;489
75117;2020;Appartement;3.0;11771.666666666668;362
75117;2020;Appartement;4.0;12370.588235294115;147
75117;2020;Appartement;5.0;11925.925925925923;75
75117;2020;Appartement;6.0;12898.809523809523;16
75117;2020;Appartement;7.0;11153.846153846154;5
75117;2020;Appartement;8.0;6483.091643884464;2
75117;2020;Maison;2.0;16723.287671232876;1
75117;2020;Maison;3.0;14000.0;1
75117;2020;Maison;5.0;19081.6;7
75117;2021;Appartement;0.0;10802.083333333334;2
75117;2021;Appartement;1.0;11366.666666666666;777
75117;2021;Appartement;2.0;11250.0;1110
75117;2021;Appartement;3.0;11666.666666666666;812
75117;2021;Appartement;4.0;12065.598290598291;370
75117;2021;Appartement;5.0;11920.840787119858;184
75117;2021;Appartement;6.0;12370.370370370372;70
75117;2021;Appartement;7.0;12443.412745681955;12
75117;2021;Appartement;8.0;34401.595744680846;2
75117;2021;Maison;1.0;18214.285714285717;1
75117;2021;Maison;2.0;11200.0;1
75117;2021;Maison;3.0;16000.0;1
75117;2021;Maison;4.0;27289.878695652173;2
75117;2021;Maison;5.0;14763.839285714286;1
75117;2021;Maison;8.0;18333.33333333333;3
75117;2022;Appartement;0.0;14048.295454545456;8
75117;2022;Appartement;1.0;11250.833333333334;829
75117;2022;Appartement;2.0;11175.925925925923;1155
75117;2022;Appartement;3.0;11547.008547008549;820
75117;2022;Appartement;4.0;12199.60962914769;432
75117;2022;Appartement;5.0;12266.279069767445;233
75117;2022;Appartement;6.0;12509.724971136402;84
75117;2022;Appartement;7.0;10918.918918918918;11
75117;2022;Appartement;8.0;12920.74074074074;5
75117;2022;Maison;2.0;11550.0;1
75117;2022;Maison;3.0;66545.0;2
75117;2022;Maison;4.0;20540.54054054054;1
75117;2022;Maison;5.0;17500.0;1
75117;2022;Maison;6.0;22108.999389871875;2
75117;2023;Appartement;0.0;27142.85714285714;3
75117;2023;Appartement;1.0;10642.857142857143;683
75117;2023;Appartement;2.0;10628.57142857143;952
75117;2023;Appartement;3.0;10997.272727272728;607
75117;2023;Appartement;4.0;11651.515151515152;300
75117;2023;Appartement;5.0;11990.269953051644;172
75117;2023;Appartement;6.0;11852.580056412808;46
75117;2023;Appartement;7.0;11479.591836734691;13
75117;2023;Appartement;8.0;17987.012987012986;1
75117;2023;Maison;1.0;6146.2962962962965;2
75117;2023;Maison;5.0;17730.68005952381;2
75117;2023;Maison;6.0;13551.40186915888;1
75117;2023;Maison;8.0;13076.923076923076;1
75117;2024;Appartement;0.0;8142.857142857143;3
75117;2024;Appartement;1.0;9868.75;685
75117;2024;Appartement;2.0;9802.205882352942;856
75117;2024;Appartement;3.0;10218.978102189782;571
75117;2024;Appartement;4.0;10946.39705882353;258
75117;2024;Appartement;5.0;10952.896825396825;128
75117;2024;Appartement;6.0;11054.555555555555;50
75117;2024;Appartement;7.0;11764.70588235294;5
75117;2024;Appartement;8.0;6647.398843930636;1
75117;2024;Maison;4.0;6439.92718446602;2
75117;2024;Maison;5.0;42719.230769230766;1
75117;2024;Maison;8.0;29502.5;1
75117;2025;Appartement;0.0;31.25;1
75117;2025;Appartement;1.0;10209.79020979021;314
75117;2025;Appartement;2.0;10000.0;370
75117;2025;Appartement;3.0;10500.0;230
75117;2025;Appartement;4.0;10338.983050847455;121
75117;2025;Appartement;5.0;11203.703703703704;53
75117;2025;Appartement;6.0;10857.142857142857;17
75117;2025;Appartement;7.0;11870.597165991903;2
75117;2025;Maison;2.0;15198.0;1
75117;2025;Maison;4.0;17889.908256880735;1
75117;2025;Maison;5.0;16666.666666666668;1
75117;2025;Maison;6.0;12619.047619047618;1
75117;2025;Maison;8.0;17907.47330960854;1
75118;2020;Appartement;0.0;12083.333333333334;3
75118;2020;Appartement;1.0;10683.333333333332;512
75118;2020;Appartement;2.0;10432.207207207208;806
75118;2020;Appartement;3.0;10806.451612903224;419
75118;2020;Appartement;4.0;10440.47619047619;119
75118;2020;Appartement;5.0;9540.229885057472;17
75118;2020;Appartement;6.0;8454.254716981131;10
75118;2020;Maison;2.0;11274.509803921568;1
75118;2020;Maison;3.0;21585.36585365853;1
75118;2020;Maison;4.0;15065.518082422204;2
75118;2020;Maison;6.0;12222.222222222224;1
75118;2020;Maison;8.0;29483.18385650224;1
75118;2021;Appartement;0.0;20180.65573770492;5
75118;2021;Appartement;1.0;10402.326077097505;1052
75118;2021;Appartement;2.0;10318.181818181818;1691
75118;2021;Appartement;3.0;10534.276223776225;870
75118;2021;Appartement;4.0;10645.16129032258;247
75118;2021;Appartement;5.0;10227.272727272728;61
75118;2021;Appartement;6.0;5733.364523809524;10
75118;2021;Appartement;7.0;12697.47899159664;1
75118;2021;Maison;2.0;17619.04761904762;1
75118;2021;Maison;3.0;12666.666666666666;5
75118;2021;Maison;4.0;10935.185185185184;2
75118;2021;Maison;5.0;16666.666666666668;3
75118;2021;Maison;6.0;13040.384615384615;3
75118;2022;Appartement;0.0;9000.0;9
75118;2022;Appartement;1.0;10000.0;1076
75118;2022;Appartement;2.0;10117.33630952381;1924
75118;2022;Appartement;3.0;10478.333333333332;964
75118;2022;Appartement;4.0;10683.909637600887;290
75118;2022;Appartement;5.0;10670.103092783504;61
75118;2022;Appartement;6.0;11837.18957871397;14
75118;2022;Appartement;7.0;22384.848484848484;1
75118;2022;Appartement;8.0;15600.0;3
75118;2022;Maison;1.0;10612.89617647059;2
75118;2022;Maison;2.0;22461.764705882353;2
75118;2022;Maison;3.0;21287.69230769231;1
75118;2022;Maison;4.0;12877.239935587762;2
75118;2022;Maison;5.0;13915.192307692309;3
75118;2022;Maison;6.0;14637.5;1
75118;2023;Appartement;0.0;10000.0;11
75118;2023;Appartement;1.0;9249.411764705881;972
75118;2023;Appartement;2.0;9534.883720930233;1440
75118;2023;Appartement;3.0;9817.94871794872;725
75118;2023;Appartement;4.0;9941.176470588236;197
75118;2023;Appartement;5.0;9820.969696969696;54
75118;2023;Appartement;6.0;12547.934523809523;4
75118;2023;Appartement;7.0;5045.197278911564;2
75118;2023;Maison;2.0;21585.36585365853;1
75118;2023;Maison;3.0;7405.555555555557;2
75118;2023;Maison;4.0;29752.7397260274;5
75118;2023;Maison;5.0;9411.764705882351;3
75118;2023;Maison;6.0;13408.173076923078;2
75118;2024;Appartement;0.0;7500.0;7
75118;2024;Appartement;1.0;8821.547314578005;876
75118;2024;Appartement;2.0;8571.42857142857;1168
75118;2024;Appartement;3.0;8989.54667328699;586
75118;2024;Appartement;4.0;9495.841463414634;171
75118;2024;Appartement;5.0;9679.68115942029;44
75118;2024;Appartement;6.0;7660.5504587155965;3
75118;2024;Maison;1.0;12186.813186813188;1
75118;2024;Maison;2.0;12594.696969696968;4
75118;2024;Maison;3.0;8367.450980392157;2
75118;2024;Maison;4.0;19035.714285714286;1
75118;2024;Maison;5.0;26197.778832578744;2
75118;2024;Maison;7.0;15811.342592592591;1
75118;2025;Appartement;0.0;39071.42857142857;6
75118;2025;Appartement;1.0;8802.0;350
75118;2025;Appartement;2.0;9025.155279503106;528
75118;2025;Appartement;3.0;9009.583333333332;316
75118;2025;Appartement;4.0;9920.63492063492;83
75118;2025;Appartement;5.0;9555.275229357798;23
75118;2025;Appartement;6.0;8606.844716738522;2
75118;2025;Appartement;8.0;51939.91935483871;1
75118;2025;Maison;3.0;18159.928879310344;2
75118;2025;Maison;4.0;11901.408450704226;3
75118;2025;Maison;5.0;11636.363636363636;1
75119;2020;Appartement;1.0;9829.901960784315;240
75119;2020;Appartement;2.0;9268.716577540106;374
75119;2020;Appartement;3.0;9457.433489827856;220
75119;2020;Appartement;4.0;8532.485130848534;82
75119;2020;Appartement;5.0;8830.188679245282;15
75119;2020;Appartement;6.0;4121.212121212121;3
75119;2020;Appartement;7.0;8927.104347826087;1
75119;2020;Maison;2.0;13090.90909090909;1
75119;2020;Maison;3.0;16199.625;1
75119;2020;Maison;4.0;13992.765182186235;8
75119;2020;Maison;5.0;13470.093457943925;4
75119;2020;Maison;8.0;21493.138936535164;2
75119;2021;Appartement;1.0;9696.969696969696;557
75119;2021;Appartement;2.0;9574.169110459432;842
75119;2021;Appartement;3.0;9516.82194616977;488
75119;2021;Appartement;4.0;9165.349839445666;174
75119;2021;Appartement;5.0;8047.4910394265235;44
75119;2021;Appartement;6.0;7667.200269609908;8
75119;2021;Appartement;7.0;7903.225806451613;3
75119;2021;Maison;2.0;63399.554740701926;2
75119;2021;Maison;3.0;18036.849179400113;8
75119;2021;Maison;4.0;13326.666666666668;2
75119;2021;Maison;5.0;17289.719626168226;5
75119;2021;Maison;6.0;15855.555555555555;2
75119;2021;Maison;7.0;17754.166666666668;1
75119;2022;Appartement;0.0;9333.333333333334;1
75119;2022;Appartement;1.0;9520.0;591
75119;2022;Appartement;2.0;9287.012987012988;815
75119;2022;Appartement;3.0;9239.130434782608;519
75119;2022;Appartement;4.0;8953.488372093023;185
75119;2022;Appartement;5.0;9240.47619047619;42
75119;2022;Appartement;6.0;9649.122807017544;3
75119;2022;Appartement;7.0;7982.608695652174;1
75119;2022;Maison;1.0;11554.545454545454;1
75119;2022;Maison;2.0;22571.42857142857;5
75119;2022;Maison;3.0;16646.785714285714;9
75119;2022;Maison;4.0;13725.787593984962;8
75119;2022;Maison;5.0;16384.78773584906;8
75119;2022;Maison;6.0;10014.25396825397;4
75119;2022;Maison;7.0;7980.0;1
75119;2023;Appartement;0.0;19508.373205741627;4
75119;2023;Appartement;1.0;9060.25641025641;546
75119;2023;Appartement;2.0;8908.0;685
75119;2023;Appartement;3.0;8758.730598669623;418
75119;2023;Appartement;4.0;8124.862938596491;142
75119;2023;Appartement;5.0;8561.363636363636;30
75119;2023;Appartement;6.0;11364.942528735632;6
75119;2023;Appartement;7.0;5833.0;3
75119;2023;Maison;1.0;23888.88888888889;1
75119;2023;Maison;3.0;14055.48144637053;6
75119;2023;Maison;4.0;10321.256038647343;8
75119;2023;Maison;5.0;11636.363636363636;7
75119;2023;Maison;6.0;15100.671140939598;1
75119;2023;Maison;7.0;14094.488188976378;1
75119;2023;Maison;8.0;8989.405204460967;1
75119;2024;Appartement;0.0;7631.578947368421;1
75119;2024;Appartement;1.0;8000.0;419
75119;2024;Appartement;2.0;8104.054054054054;586
75119;2024;Appartement;3.0;7846.656217345872;338
75119;2024;Appartement;4.0;7535.15625;130
75119;2024;Appartement;5.0;8152.173913043478;33
75119;2024;Appartement;6.0;10105.616983635558;4
75119;2024;Maison;2.0;13095.238095238095;3
75119;2024;Maison;3.0;13390.522875816994;6
75119;2024;Maison;4.0;13236.892473118278;4
75119;2024;Maison;5.0;12549.108280254775;5
75119;2024;Maison;6.0;17500.0;3
75119;2024;Maison;7.0;7391.304347826087;1
75119;2025;Appartement;1.0;8334.09090909091;189
75119;2025;Appartement;2.0;8121.951219512195;221
75119;2025;Appartement;3.0;7910.783055198974;124
75119;2025;Appartement;4.0;7723.880597014925;51
75119;2025;Appartement;5.0;8093.092783505154;15
75119;2025;Maison;3.0;19481.25;3
75119;2025;Maison;4.0;16972.477064220184;3
75119;2025;Maison;6.0;10052.083333333334;1
75120;2020;Appartement;1.0;10000.0;296
75120;2020;Appartement;2.0;9840.033088235294;434
75120;2020;Appartement;3.0;9363.636363636364;261
75120;2020;Appartement;4.0;9315.693960511035;88
75120;2020;Appartement;5.0;9463.235294117647;16
75120;2020;Appartement;6.0;10189.153439153439;2
75120;2020;Appartement;8.0;13513.513513513511;1
75120;2020;Maison;3.0;12086.11111111111;4
75120;2020;Maison;5.0;11500.0;1
75120;2020;Maison;7.0;11287.285714285714;1
75120;2021;Appartement;0.0;11875.0;1
75120;2021;Appartement;1.0;9936.221786833856;634
75120;2021;Appartement;2.0;9935.416666666668;876
75120;2021;Appartement;3.0;9654.348518636507;580
75120;2021;Appartement;4.0;9142.182300631095;182
75120;2021;Appartement;5.0;8659.622641509435;46
75120;2021;Appartement;6.0;10170.868347338936;8
75120;2021;Appartement;7.0;2384.6153846153848;3
75120;2021;Appartement;8.0;12325.0;1
75120;2021;Maison;1.0;100000.0;1
75120;2021;Maison;2.0;20408.163265306124;7
75120;2021;Maison;3.0;13034.220306513409;6
75120;2021;Maison;4.0;12372.527472527472;9
75120;2021;Maison;5.0;9768.111818181818;6
75120;2021;Maison;6.0;13926.829268292682;3
75120;2021;Maison;7.0;11428.87473460722;2
75120;2022;Appartement;0.0;57713.05555555556;1
75120;2022;Appartement;1.0;9583.333333333334;701
75120;2022;Appartement;2.0;9647.054824561403;978
75120;2022;Appartement;3.0;9278.888548683404;614
75120;2022;Appartement;4.0;9081.111111111111;205
75120;2022;Appartement;5.0;8537.614678899083;51
75120;2022;Appartement;6.0;7779.301075268817;4
75120;2022;Appartement;8.0;79.74683544303798;1
75120;2022;Maison;1.0;86611.11111111111;2
75120;2022;Maison;2.0;21200.0;1
75120;2022;Maison;3.0;21250.0;3
75120;2022;Maison;4.0;11488.808139534884;7
75120;2022;Maison;5.0;12698.409523809523;3
75120;2022;Maison;6.0;15312.5;3
75120;2022;Maison;7.0;8769.84126984127;1
75120;2023;Appartement;0.0;9800.0;3
75120;2023;Appartement;1.0;8888.888888888889;616
75120;2023;Appartement;2.0;8968.75;739
75120;2023;Appartement;3.0;8750.0;443
75120;2023;Appartement;4.0;8437.5;169
75120;2023;Appartement;5.0;8126.126126126126;31
75120;2023;Appartement;6.0;10302.27027027027;8
75120;2023;Appartement;7.0;7771.428571428572;1
75120;2023;Appartement;8.0;6506.410256410257;1
75120;2023;Maison;2.0;15782.307692307691;2
75120;2023;Maison;3.0;14926.826330532214;4
75120;2023;Maison;4.0;11363.636363636364;11
75120;2023;Maison;5.0;13327.956989247312;5
75120;2023;Maison;6.0;13375.79617834395;3
75120;2023;Maison;7.0;9013.866666666669;1
75120;2024;Appartement;0.0;8028.01724137931;2
75120;2024;Appartement;1.0;8435.416666666668;578
75120;2024;Appartement;2.0;8452.380952380952;809
75120;2024;Appartement;3.0;8322.033898305084;409
75120;2024;Appartement;4.0;8278.57142857143;143
75120;2024;Appartement;5.0;7960.8445406883975;42
75120;2024;Appartement;6.0;6874.118554572271;4
75120;2024;Appartement;7.0;8035.0;2
75120;2024;Appartement;8.0;9385.474860335196;1
75120;2024;Maison;2.0;9093.75;3
75120;2024;Maison;3.0;7000.0;3
75120;2024;Maison;4.0;17260.27397260274;3
75120;2024;Maison;5.0;15554.129225502782;4
75120;2024;Maison;8.0;8255.813953488372;1
75120;2025;Appartement;0.0;9714.285714285714;1
75120;2025;Appartement;1.0;8670.068027210884;242
75120;2025;Appartement;2.0;8250.0;313
75120;2025;Appartement;3.0;8602.941176470587;175
75120;2025;Appartement;4.0;8139.53488372093;75
75120;2025;Appartement;5.0;8000.0;17
75120;2025;Appartement;6.0;26700.0;6
75120;2025;Appartement;7.0;6577.5;2
75120;2025;Maison;1.0;1666.6666666666667;1
75120;2025;Maison;2.0;17909.95825879547;2
75120;2025;Maison;3.0;12747.844827586207;2
75120;2025;Maison;4.0;10330.193050193051;2
75120;2025;Maison;5.0;9867.556650246306;2
75120;2025;Maison;6.0;10220.183486238531;3
